noun1,noun2,sent
steering,system," Loss of Control  Let us review what driving experts say about what happens when the three control systems (brakes, steering and acceleration) do not have enough friction where the tires meet the road to do what the driver has asked."
steering,tire," Loss of Control  Let us review what driving experts say about what happens when the three control systems (brakes, steering and acceleration) do not have enough friction where the tires meet the road to do what the driver has asked."
steering,time, Steering in Emergencies  There are times when steering can be more effective than braking.
steering,suspension," To contact NHTSA, you may either call the Auto Safety Hotline toll-free at 1-800-424-9393 (or 366-0123 in the Washington, D.C. area) or write to:  NHTSA, U.S. Department of Transportation Washington, D.C. 20590  You can also obtain other information about motor vehicle safety from the hotline.  7-11  (cid:127) (cid:127) (cid:127) (cid:127) (cid:127) Service Publications Ordering Information  Service Manuals  Service Manuals have the diagnosis and repair information on engines, transmission, axle, suspension, brakes, electrical, steering, body, etc.  RETAIL SELL PRICE: $120.00  "
steering,transmission," To contact NHTSA, you may either call the Auto Safety Hotline toll-free at 1-800-424-9393 (or 366-0123 in the Washington, D.C. area) or write to:  NHTSA, U.S. Department of Transportation Washington, D.C. 20590  You can also obtain other information about motor vehicle safety from the hotline.  7-11  (cid:127) (cid:127) (cid:127) (cid:127) (cid:127) Service Publications Ordering Information  Service Manuals  Service Manuals have the diagnosis and repair information on engines, transmission, axle, suspension, brakes, electrical, steering, body, etc.  RETAIL SELL PRICE: $120.00  "
steering,surface," While driving on a surface with reduced traction, try your best to avoid sudden steering, acceleration or braking (including engine braking by shifting to a lower gear)."
steering,traction," While driving on a surface with reduced traction, try your best to avoid sudden steering, acceleration or braking (including engine braking by shifting to a lower gear)."
steering,system,Both control systems — steering and acceleration — have to do their work where the tires meet the road.
steering,tire,Both control systems — steering and acceleration — have to do their work where the tires meet the road.
steering,work,Both control systems — steering and acceleration — have to do their work where the tires meet the road.
steering,structure,"Check the body structure, steering, suspension, wheels, tires and exhaust system for damage."
steering,suspension,"Check the body structure, steering, suspension, wheels, tires and exhaust system for damage."
steering,system,"Check the body structure, steering, suspension, wheels, tires and exhaust system for damage."
steering,tire,"Check the body structure, steering, suspension, wheels, tires and exhaust system for damage."
steering,wheel,"Check the body structure, steering, suspension, wheels, tires and exhaust system for damage."
steering,surface,"Each of these surfaces affects the steering, acceleration and braking of your vehicle in different ways."
steering,vehicle,"Each of these surfaces affects the steering, acceleration and braking of your vehicle in different ways."
steering,way,"Each of these surfaces affects the steering, acceleration and braking of your vehicle in different ways."
steering,tire,"In the steering or cornering skid, too much speed or steering in a curve causes tires to slip and lose cornering force."
steering,transmission,"Some examples of optional accessories are, automatic transmission, power steering, power brakes, power windows, power seats, and air conditioning."
steering,window,"Some examples of optional accessories are, automatic transmission, power steering, power brakes, power windows, power seats, and air conditioning."
